FISCAL_YEAR,F_QTR,Loans,Quarters
1999,1st Quarter,56542,1999Q1
1999,2nd Quarter,63390,1999Q2
1999,3rd Quarter,62575,1999Q3
1999,4th Quarter,74827,1999Q4
2000,1st Quarter,54115,2000Q1
2000,2nd Quarter,43983,2000Q2
2000,3rd Quarter,41339,2000Q3
2000,4th Quarter,46178,2000Q4
2001,1st Quarter,46549,2001Q1
2001,2nd Quarter,38255,2001Q2
2001,3rd Quarter,41012,2001Q3
2001,4th Quarter,50927,2001Q4
2002,1st Quarter,44030,2002Q1
2002,2nd Quarter,43347,2002Q2
2002,3rd Quarter,43445,2002Q3
2002,4th Quarter,44648,2002Q4
2003,1st Quarter,36870,2003Q1
2003,2nd Quarter,34199,2003Q2
2003,3rd Quarter,35222,2003Q3
2003,4th Quarter,42316,2003Q4
2004,1st Quarter,43681,2004Q1
2004,2nd Quarter,34378,2004Q2
2004,3rd Quarter,35123,2004Q3
2004,4th Quarter,39010,2004Q4
2005,1st Quarter,29213,2005Q1
2005,2nd Quarter,25164,2005Q2
2005,3rd Quarter,31204,2005Q3
2005,4th Quarter,33709,2005Q4
2006,1st Quarter,28994,2006Q1
2006,2nd Quarter,26271,2006Q2
2006,3rd Quarter,31042,2006Q3
2006,4th Quarter,36271,2006Q4
2007,1st Quarter,28459,2007Q1
2007,2nd Quarter,26270,2007Q2
2007,3rd Quarter,29776,2007Q3
2007,4th Quarter,33426,2007Q4
2008,1st Quarter,27800,2008Q1
2008,2nd Quarter,27276,2008Q2
2008,3rd Quarter,38175,2008Q3
2008,4th Quarter,49102,2008Q4
2009,1st Quarter,43035,2009Q1
2009,2nd Quarter,34537,2009Q2
2009,3rd Quarter,45457,2009Q3
2009,4th Quarter,57860,2009Q4
2010,1st Quarter,50797,2010Q1
2010,2nd Quarter,39651,2010Q2
2010,3rd Quarter,50446,2010Q3
2010,4th Quarter,51719,2010Q4
2011,1st Quarter,42152,2011Q1
2011,2nd Quarter,40241,2011Q2
2011,3rd Quarter,47755,2011Q3
2011,4th Quarter,56431,2011Q4
2012,1st Quarter,44995,2012Q1
2012,2nd Quarter,42666,2012Q2
2012,3rd Quarter,53761,2012Q3
2012,4th Quarter,60426,2012Q4
2013,1st Quarter,54265,2013Q1
2013,2nd Quarter,49573,2013Q2
2013,3rd Quarter,59983,2013Q3
2013,4th Quarter,77365,2013Q4
2014,1st Quarter,64837,2014Q1
2014,2nd Quarter,52944,2014Q2
2014,3rd Quarter,69009,2014Q3
2014,4th Quarter,84894,2014Q4
2015,1st Quarter,76698,2015Q1
2015,2nd Quarter,64449,2015Q2
2015,3rd Quarter,79203,2015Q3
2015,4th Quarter,101757,2015Q4
2016,1st Quarter,80738,2016Q1
2016,2nd Quarter,73637,2016Q2
2016,3rd Quarter,91283,2016Q3
2016,4th Quarter,107331,2016Q4
2017,1st Quarter,92047,2017Q1
2017,2nd Quarter,80925,2017Q2
2017,3rd Quarter,99671,2017Q3
2017,4th Quarter,107791,2017Q4
2018,1st Quarter,93006,2018Q1
